date,yield_1y,yield_2y,yield_5y,yield_10y,yield_30y
2023-01-02,,,,,
2023-01-03,4.6695,4.3901,3.9132,3.776,3.9686
2023-01-04,4.6492,4.3456,3.8268,3.6738,3.8957
2023-01-05,4.7139,4.4107,3.8777,3.6866,3.881
2023-01-06,4.6127,4.234,3.6593,3.551,3.7671
2023-01-09,4.5854,4.1954,3.6294,3.5341,3.7788
2023-01-10,4.6287,4.2358,3.6844,3.6169,3.8383
2023-01-11,4.6139,4.2007,3.624,3.5524,3.7629
2023-01-12,4.5678,4.1191,3.4998,3.4342,3.6457
2023-01-13,4.5999,4.1953,3.5719,3.4659,3.653
2023-01-16,,,,,
2023-01-17,4.5766,4.1519,3.5698,3.5132,3.7162
2023-01-18,4.5238,4.0428,3.4013,3.3449,3.6169
2023-01-19,4.5702,4.0848,3.4411,3.3781,3.651
2023-01-20,4.59,4.136,3.5189,3.4552,3.7407
2023-01-23,4.6215,4.1875,3.5722,3.4897,3.7631
2023-01-24,4.6127,4.1669,3.5338,3.4319,3.7024
2023-01-25,4.613,4.1529,3.5168,3.4315,3.7064
2023-01-26,4.6434,4.1925,3.5589,3.4601,3.6933
2023-01-27,4.6614,4.2106,3.5872,3.4902,3.7018
2023-01-30,4.6742,4.2525,3.6384,3.5152,3.7267
2023-01-31,4.6559,4.2041,3.5895,3.5016,3.7257
2023-02-01,4.6023,4.0811,3.4332,3.3776,3.6305
2023-02-02,4.5871,4.0859,3.4414,3.3755,3.6345
2023-02-03,4.725,4.2825,3.626,3.4914,3.6736
2023-02-06,4.7982,4.4069,3.7638,3.5682,3.6771
2023-02-07,4.8123,4.433,3.8015,3.6098,3.7165
2023-02-08,4.8167,4.4123,3.7707,3.6022,3.7254
2023-02-09,4.8353,4.459,3.8262,3.6293,3.7512
2023-02-10,4.8573,4.477,3.8762,3.7153,3.8536
2023-02-13,4.8716,4.4991,3.8761,3.6752,3.7866
2023-02-14,4.9355,4.584,3.9619,3.7132,3.8029
2023-02-15,5.0071,4.6088,3.9904,3.8432,3.938
2023-02-16,4.9421,4.6055,4.0211,3.8151,3.9266
2023-02-17,4.954,4.5872,3.9773,3.787,3.8909
2023-02-20,,,,,
2023-02-21,5.0041,4.6765,4.1096,3.9106,3.972
2023-02-22,5.0817,4.6805,4.1057,3.9676,4.0324
2023-02-23,5.0629,4.6661,4.0699,3.922,3.9831
2023-02-24,5.1046,4.7746,4.1609,3.9948,4.0438
2023-02-27,5.095,4.7523,4.1272,3.971,4.0453
2023-02-28,5.1137,4.7729,4.1261,3.9645,4.0389
2023-03-01,5.1607,4.8616,4.2207,4.0539,4.0569
2023-03-02,5.173,4.8716,4.2789,4.1246,4.112
2023-03-03,5.1555,4.8463,4.2105,4.0192,3.9772
2023-03-06,5.1288,4.8197,4.246,3.9604,3.9508
2023-03-07,5.3015,4.9842,4.2617,3.9902,4.0121
2023-03-08,5.3352,5.0343,4.2856,3.9914,4.0075
2023-03-09,5.253,4.8758,4.1774,3.9386,4.025
2023-03-10,5.0353,4.5988,3.9371,3.7009,3.8741
2023-03-13,4.4399,4.083,3.6605,3.5775,3.8761
2023-03-14,4.5896,4.2463,3.7685,3.6428,3.946
2023-03-15,4.3084,3.979,3.5927,3.5184,3.8912
2023-03-16,4.5201,4.2023,3.7041,3.5818,3.7853
2023-03-17,4.2703,3.8641,3.4686,3.4413,3.8183
2023-03-20,4.3445,3.9722,3.5821,3.5286,3.872
2023-03-21,4.5515,4.2021,3.7325,3.6292,3.9217
2023-03-22,4.4331,3.9981,3.5496,3.5267,3.8868
2023-03-23,4.2747,3.7966,3.4036,3.4318,3.8915
2023-03-24,4.2418,3.7933,3.4163,3.4295,3.8751
2023-03-27,4.4223,4.0162,3.5945,3.5742,3.9868
2023-03-28,4.4665,4.0826,3.6308,3.5865,3.9801
2023-03-29,4.4957,4.1168,3.6591,3.6077,3.9828
2023-03-30,4.5404,4.1325,3.6446,3.5855,3.9404
2023-03-31,4.5352,4.0792,3.5796,3.5217,3.8716
2023-04-03,4.5043,4.0033,3.4981,3.4675,3.8463
2023-04-04,4.4021,3.8665,3.3791,3.39,3.8143
2023-04-05,4.3528,3.8215,3.3457,3.3413,3.7858
2023-04-06,4.3854,3.8527,3.3518,3.3322,3.7623
2023-04-07,4.5102,4.0076,3.4653,3.4164,3.8149
2023-04-10,4.5276,4.0225,3.4924,3.4335,3.8357
2023-04-11,4.5316,4.0523,3.511,3.4475,3.8226
2023-04-12,4.502,3.9744,3.4387,3.4265,3.8478
2023-04-13,4.5034,3.9884,3.4799,3.4729,3.8939
2023-04-14,4.606,4.1063,3.5725,3.5402,3.9332
2023-04-17,4.6607,4.1848,3.6561,3.6146,3.9963
2023-04-18,4.6793,4.203,3.6449,3.5937,3.9756
2023-04-19,4.7078,4.25,3.6786,3.6106,3.968
2023-04-20,4.6443,4.1557,3.5966,3.5603,3.9339
2023-04-21,4.6661,4.1728,3.6233,3.5919,3.962
2023-04-24,4.6447,4.1224,3.5637,3.5382,3.9221
2023-04-25,4.5074,3.9165,3.4032,3.4282,3.8646
2023-04-26,4.5439,3.9544,3.4338,3.4623,3.9067
2023-04-27,4.6675,4.1195,3.569,3.5607,3.9567
2023-04-28,4.6687,4.076,3.4855,3.4729,3.8614
2023-05-01,4.72,4.1586,3.6003,3.6124,4.0257
2023-05-02,4.6047,3.9994,3.4243,3.4598,3.9186
2023-05-03,4.573,3.923,3.3364,3.4101,3.9073
2023-05-04,4.4538,3.7848,3.2712,3.3981,3.9539
2023-05-05,4.5649,3.9381,3.3837,3.467,3.9683
2023-05-08,4.6276,4.0162,3.4652,3.5434,4.0456
2023-05-09,4.6368,4.032,3.473,3.556,4.064
2023-05-10,4.5629,3.9075,3.3576,3.478,4.0332
2023-05-11,4.5617,3.9022,3.3381,3.4216,3.9696
2023-05-12,4.6133,3.9842,3.4259,3.4887,4.0056
2023-05-15,4.6277,3.9866,3.4365,3.5357,4.0545
2023-05-16,4.6902,4.055,3.4896,3.581,4.0782
2023-05-17,4.7391,4.1291,3.5472,3.6085,4.0199
2023-05-18,4.8378,4.2485,3.6559,3.689,4.0377
2023-05-19,4.8501,4.2772,3.7126,3.7442,4.0834
2023-05-22,4.8849,4.2945,3.7209,3.7638,4.0981
2023-05-23,4.9043,4.316,3.7112,3.7454,4.0738
2023-05-24,4.971,4.3725,3.7432,3.7682,4.0807
2023-05-25,5.0856,4.5383,3.8854,3.8555,4.0868
2023-05-26,5.1201,4.5803,3.9008,3.8348,4.035
2023-05-29,,,,,
2023-05-30,5.0719,4.4689,3.7818,3.7407,4.0185
2023-05-31,5.0305,4.396,3.7103,3.6854,3.9678
2023-06-01,4.9858,4.341,3.6676,3.6558,3.9531
2023-06-02,5.0829,4.4907,3.7983,3.7315,3.9872
2023-06-05,5.0504,4.4622,3.7832,3.7274,3.9984
2023-06-06,5.0679,4.5,3.8034,3.7253,3.9583
2023-06-07,5.0862,4.5435,3.8885,3.8284,4.0261
2023-06-08,5.0512,4.5113,3.8256,3.7477,3.9691
2023-06-09,5.0997,4.5738,3.8742,3.7632,3.9557
2023-06-12,5.0906,4.5466,3.847,3.7528,3.9412
2023-06-13,5.1359,4.6546,3.9693,3.8384,3.9732
2023-06-14,5.1792,4.7247,4.0057,3.8088,3.8964
2023-06-15,5.1094,4.6025,3.8651,3.7179,3.883
2023-06-16,5.1403,4.6802,3.942,3.7449,3.8513
2023-06-19,,,,,
2023-06-20,5.1339,4.6594,3.9113,3.7149,3.8311
2023-06-21,5.1402,4.659,3.8997,3.6981,3.8122
2023-06-22,5.1915,4.7306,3.9786,3.7634,3.8636
2023-06-23,5.1814,4.6911,3.9345,3.7322,3.8435
2023-06-26,5.1809,4.6695,3.9059,3.7194,3.8657
2023-06-27,5.2381,4.7501,3.9672,3.7412,3.8409
2023-06-28,5.2185,4.7136,3.9083,3.6872,3.8098
2023-06-29,5.3223,4.8742,4.0626,3.8996,4.0224
2023-06-30,5.3818,4.8475,4.0729,3.8322,4.0176
2023-07-03,5.4023,4.9157,4.1375,3.8723,4.0308
2023-07-04,,,,,
2023-07-05,5.3806,4.9152,4.1928,3.9609,4.1034
2023-07-06,5.407,4.9696,4.3058,4.0675,4.1528
2023-07-07,5.3766,4.9113,4.2909,4.0829,4.1998
2023-07-10,5.2729,4.8415,4.1856,4.0116,4.1856
2023-07-11,5.29,4.8508,4.1884,3.9788,4.1833
2023-07-12,5.1986,4.7163,4.009,3.8584,3.9867
2023-07-13,5.117,4.5834,3.8696,3.7679,3.9564
2023-07-14,5.1883,4.7178,3.9755,3.7949,3.9365
2023-07-17,5.1807,4.7004,3.9522,3.7814,3.9503
2023-07-18,5.18,4.7048,3.944,3.7548,3.9071
2023-07-19,5.1857,4.7049,3.9178,3.6998,3.8327
2023-07-20,5.2193,4.7697,4.0215,3.8003,3.887
2023-07-21,5.2264,4.7804,4.0314,3.7964,3.9081
2023-07-24,5.256,4.8102,4.0832,3.8406,4.0759
2023-07-25,5.2835,4.8403,4.139,3.8895,4.0984
2023-07-26,5.265,4.8299,4.0388,3.8872,4.0541
2023-07-27,5.3038,4.8862,4.2182,3.9904,4.2138
2023-07-28,5.2815,4.8369,4.1512,3.9348,4.2358
2023-07-31,5.2752,4.8502,4.1203,3.9774,4.1501
2023-08-01,5.3311,4.8785,4.1921,4.0579,4.2731
2023-08-02,5.2657,4.8462,4.1967,4.0573,4.3416
2023-08-03,5.2626,4.865,4.2551,4.1656,4.2843
2023-08-04,5.1977,4.7497,4.1001,4.0287,4.2173
2023-08-07,5.2043,4.7423,4.1125,4.0754,4.2965
2023-08-08,5.1956,4.7172,4.0542,4.0002,4.2316
2023-08-09,5.2237,4.7569,4.0771,3.9872,4.2009
2023-08-10,5.2353,4.7874,4.1567,4.0874,4.2876
2023-08-11,5.2615,4.8551,4.2528,4.1572,4.2899
2023-08-14,5.284,4.9119,4.3016,4.1533,4.2632
2023-08-15,5.2724,4.8936,4.3052,4.196,4.3113
2023-08-16,5.2867,4.9314,4.3649,4.2516,4.3479
2023-08-17,5.2657,4.9046,4.3657,4.2909,4.4051
2023-08-18,5.245,4.8824,4.3269,4.2457,4.3706
2023-08-21,5.2813,4.9367,4.4028,4.3293,4.4209
2023-08-22,5.3399,4.9838,4.4312,4.3776,4.5281
2023-08-23,5.2639,4.8977,4.3095,4.179,4.2475
2023-08-24,5.3023,4.9365,4.3441,4.2109,4.258
2023-08-25,5.3386,4.9782,4.3835,4.2262,4.2696
2023-08-28,5.3305,4.9525,4.3359,4.1885,4.252
2023-08-29,5.2607,4.8466,4.2195,4.1142,4.2245
2023-08-30,5.2693,4.8492,4.2293,4.131,4.2359
2023-08-31,5.263,4.8177,4.1928,4.1027,4.2277
2023-09-01,5.2568,4.8299,4.2486,4.1972,4.3022
2023-09-04,,,,,
2023-09-05,5.3039,4.9105,4.3296,4.2605,4.3571
2023-09-06,5.3855,4.9752,4.4015,4.3343,4.4899
2023-09-07,5.2999,4.9136,4.3367,4.2561,4.3404
2023-09-08,5.3087,4.9308,4.3487,4.2409,4.3151
2023-09-11,5.3088,4.9286,4.3589,4.2692,4.369
2023-09-12,5.3195,4.9494,4.363,4.2438,4.323
2023-09-13,5.3078,4.9271,4.3397,4.2304,4.3316
2023-09-14,5.3114,4.9521,4.375,4.2598,4.3679
2023-09-15,5.3603,4.9746,4.4136,4.3561,4.5533
2023-09-18,5.3762,4.9993,4.4197,4.3467,4.5258
2023-09-19,5.4036,5.0323,4.4815,4.3729,4.6056
2023-09-20,5.4276,5.0568,4.4822,4.353,4.5662
2023-09-21,5.4012,5.068,4.565,4.5216,4.6943
2023-09-22,5.3878,5.0413,4.5246,4.4756,4.6647
2023-09-25,5.3959,5.0434,4.5777,4.5921,4.808
2023-09-26,5.396,5.0499,4.583,4.61,4.8445
2023-09-27,5.4322,5.1023,4.6448,4.6716,4.8655
2023-09-28,5.3923,5.0281,4.5951,4.6518,4.8454
2023-09-29,5.3864,5.0105,4.574,4.657,4.8565
2023-10-02,5.4113,5.0703,4.6738,4.7548,4.9144
2023-10-03,5.4207,5.1131,4.766,4.8778,5.0628
2023-10-04,5.3636,5.0089,4.6805,4.8003,4.9928
2023-10-05,5.3316,4.9907,4.6485,4.7919,5.0064
2023-10-06,5.3407,5.0375,4.6977,4.8328,4.9187
2023-10-09,,,,,
2023-10-10,5.2795,4.9324,4.5748,4.7277,4.8516
2023-10-11,5.2858,4.9486,4.5444,4.6283,4.7151
2023-10-12,5.3469,5.0176,4.6519,4.7789,4.9642
2023-10-13,5.3298,5.0009,4.6003,4.7026,4.8802
2023-10-16,5.3465,5.0402,4.666,4.7934,4.9507
2023-10-17,5.4044,5.1505,4.8095,4.9044,4.9941
2023-10-18,5.3813,5.1524,4.8709,4.9545,4.9756
2023-10-19,5.3374,5.112,4.8946,5.0584,5.0883
2023-10-20,5.2999,5.0339,4.8154,5.01,5.1284
2023-10-23,5.3024,5.0074,4.7603,4.9284,5.0683
2023-10-24,5.322,5.035,4.7662,4.9077,4.9762
2023-10-25,5.3428,5.0864,4.8625,5.0289,5.107
2023-10-26,5.3071,5.0098,4.7675,4.9397,5.0463
2023-10-27,5.2902,4.9683,4.7264,4.9263,5.0823
2023-10-30,5.3009,4.9932,4.7626,4.9585,5.0756
2023-10-31,5.3243,5.0209,4.7747,4.9559,5.06
2023-11-01,5.2597,4.9001,4.6359,4.8395,5.0246
2023-11-02,5.2695,4.936,4.6028,4.7242,4.8564
2023-11-03,5.1703,4.7841,4.4527,4.627,4.8313
2023-11-06,5.2211,4.8843,4.5622,4.714,4.8822
2023-11-07,5.2148,4.8552,4.4976,4.62,4.8039
2023-11-08,5.2506,4.8664,4.4782,4.5622,4.7685
2023-11-09,5.3094,4.9643,4.6095,4.7111,4.8977
2023-11-10,5.3092,4.9865,4.6163,4.6916,4.8591
2023-11-13,5.3099,4.9685,4.624,4.7074,4.8879
2023-11-14,5.1498,4.7562,4.3769,4.503,4.7044
2023-11-15,5.1952,4.8541,4.4763,4.5811,4.7106
2023-11-16,5.153,4.7789,4.387,4.5124,4.6821
2023-11-17,5.1754,4.8263,4.4037,4.4831,4.613
2023-11-20,5.1836,4.8276,4.3914,4.4593,4.5829
2023-11-21,5.1675,4.8011,4.3675,4.458,4.5857
2023-11-22,5.1949,4.8246,4.3898,4.4672,4.5632
2023-11-23,,,,,
2023-11-24,5.2256,4.8741,4.4474,4.5519,4.6993
2023-11-27,5.1793,4.8031,4.3605,4.4438,4.5303
2023-11-28,5.1196,4.6962,4.2693,4.4127,4.5559
2023-11-29,5.0567,4.6052,4.1992,4.3452,4.4984
2023-11-30,5.0849,4.6761,4.2849,4.4365,4.5727
2023-12-01,4.976,4.5101,4.1245,4.2886,4.4852
2023-12-04,5.0186,4.5928,4.2077,4.3451,4.4944
2023-12-05,4.9816,4.5282,4.121,4.2365,4.376
2023-12-06,4.9915,4.547,4.0923,4.1636,4.2808
2023-12-07,4.9691,4.5264,4.0898,4.181,4.3021
2023-12-08,5.0356,4.6496,4.2105,4.2619,4.3394
2023-12-11,5.0407,4.6513,4.2147,4.2709,4.3612
2023-12-12,5.042,4.6556,4.1891,4.2279,4.3218
2023-12-13,4.8854,4.4151,3.9774,4.0861,4.2808
2023-12-14,4.8174,4.3201,3.8802,3.9582,4.1532
2023-12-15,4.8534,4.3754,3.8889,3.9365,4.0985
2023-12-18,4.8569,4.3846,3.9206,3.9777,4.155
2023-12-19,4.841,4.3684,3.9142,3.9694,4.1489
2023-12-20,4.7885,4.2875,3.8417,3.8995,4.1317
2023-12-21,4.768,4.2784,3.8568,3.929,4.1713
2023-12-22,4.7549,4.2495,3.855,3.9402,4.2083
2023-12-25,,,,,
2023-12-26,4.7529,4.2717,3.8626,3.9299,4.1999
2023-12-27,4.7177,4.2093,3.7705,3.8044,4.1726
2023-12-28,4.7477,4.2438,3.8194,3.8502,4.1936
2023-12-29,4.7094,4.2132,3.8263,3.9084,4.191
2024-01-01,,,,,
2024-01-02,4.745,4.2893,3.9016,3.9637,4.2388
2024-01-03,4.7474,4.2743,3.8694,3.9315,4.2064
2024-01-04,4.7691,4.3302,3.9402,4.0139,4.2787
2024-01-05,4.7635,4.3435,3.9853,4.0752,4.3508
2024-01-08,4.7467,4.2999,3.9364,4.0344,4.3197
2024-01-09,4.7547,4.3056,3.9421,4.0346,4.3337
2024-01-10,4.7475,4.3077,3.9543,4.0554,4.3608
2024-01-11,4.6879,4.2077,3.881,4.0058,4.3733
2024-01-12,4.5736,4.0813,3.8194,3.9817,4.4041
2024-01-15,,,,,
2024-01-16,4.6355,4.1697,3.9206,4.0998,4.4929
2024-01-17,4.7248,4.2806,3.9885,4.1272,4.4824
2024-01-18,4.7192,4.2858,4.009,4.1682,4.5502
2024-01-19,4.7544,4.3373,4.0355,4.1771,4.5182
2024-01-22,4.7478,4.3148,3.9872,4.1256,4.4887
2024-01-23,4.7403,4.3103,4.0139,4.1701,4.547
2024-01-24,4.7503,4.3409,4.0502,4.2114,4.5688
2024-01-25,4.708,4.2713,3.9958,4.17,4.5456
2024-01-26,4.7248,4.3073,4.0255,4.1847,4.5411
2024-01-29,4.695,4.2532,3.9452,4.0963,4.4779
2024-01-30,4.7317,4.3043,3.9685,4.0862,4.4418
2024-01-31,4.6771,4.2146,3.879,4.0073,4.4098
2024-02-01,4.6226,4.14,3.7747,3.8695,4.3338
2024-02-02,4.7691,4.3153,3.9604,4.0471,4.3888
2024-02-05,4.8214,4.4146,4.0913,4.1836,4.5034
2024-02-06,4.7717,4.3405,4.007,4.1035,4.4597
2024-02-07,4.7788,4.3561,4.0235,4.121,4.4758
2024-02-08,4.7948,4.3974,4.0898,4.1931,4.5179
2024-02-09,4.8097,4.4173,4.1103,4.2056,4.5236
2024-02-12,4.8101,4.411,4.0971,4.1993,4.5205
2024-02-13,4.9432,4.5936,4.2681,4.3372,4.5821
2024-02-14,4.8912,4.5266,4.2129,4.2993,4.5874
2024-02-15,4.8839,4.5078,4.1833,4.2726,4.541
2024-02-16,4.9286,4.5865,4.2496,4.3226,4.543
2024-02-19,,,,,
2024-02-20,4.8951,4.5377,4.2121,4.3043,4.5519
2024-02-21,4.9294,4.5834,4.2608,4.3508,4.5966
2024-02-22,4.9618,4.6332,4.2905,4.3483,4.5653
2024-02-23,4.9476,4.6166,4.2358,4.2726,4.4416
2024-02-26,4.977,4.6478,4.2627,4.2911,4.4741
2024-02-27,4.9779,4.6559,4.2798,4.321,4.5096
2024-02-28,4.9467,4.6006,4.2316,4.286,4.4879
2024-02-29,4.9458,4.5957,4.2187,4.2644,4.457
2024-03-01,4.8768,4.4906,4.1298,4.204,4.4303
2024-03-04,4.927,4.5585,4.1749,4.2331,4.4369
2024-03-05,4.892,4.498,4.0965,4.1408,4.3724
2024-03-06,4.9042,4.5143,4.0826,4.1003,4.3469
2024-03-07,4.8736,4.4631,4.044,4.083,4.3684
2024-03-08,4.8593,4.4433,4.0285,4.0856,4.3763
2024-03-11,4.8898,4.4783,4.0489,4.0861,4.3788
2024-03-12,4.9375,4.5474,4.1202,4.149,4.422
2024-03-13,4.9468,4.5717,4.1518,4.1791,4.4475
2024-03-14,4.9845,4.6389,4.2534,4.2884,4.5297
2024-03-15,4.9918,4.6734,4.2848,4.2994,4.5033
2024-03-18,5.0015,4.6868,4.3103,4.3287,4.5361
2024-03-19,4.9907,4.6398,4.264,4.295,4.5392
2024-03-20,4.9408,4.5632,4.2159,4.2752,4.5758
2024-03-21,4.9519,4.5812,4.2214,4.2739,4.564
2024-03-22,4.9236,4.5358,4.1654,4.2114,4.5203
2024-03-25,4.9358,4.5594,4.1959,4.2456,4.5473
2024-03-26,4.9469,4.5679,4.1884,4.2298,4.5204
2024-03-27,4.9214,4.5435,4.1496,4.1859,4.4651
2024-03-28,4.9541,4.5967,4.1738,4.1817,4.4369
2024-03-29,,,,,
2024-04-01,4.9981,4.6791,4.2898,4.3067,4.5426
2024-04-02,4.971,4.6629,4.3057,4.3497,4.5667
2024-04-03,4.9553,4.6372,4.2923,4.3468,4.5874
2024-04-04,4.9357,4.61,4.2542,4.3031,4.5486
2024-04-05,4.9903,4.6941,4.3357,4.3725,4.5963
2024-04-08,5.0124,4.7389,4.3827,4.3965,4.5834
2024-04-09,4.9842,4.6954,4.3294,4.3388,4.5492
2024-04-10,5.1382,4.9166,4.5634,4.5118,4.6346
2024-04-11,5.1075,4.8957,4.5588,4.5196,4.6075
2024-04-12,5.0671,4.8364,4.4923,4.4681,4.622
2024-04-15,5.0929,4.8905,4.5896,4.5928,4.7025
2024-04-16,5.1172,4.9212,4.6367,4.6341,4.77
2024-04-17,5.088,4.883,4.5643,4.5481,4.6671
2024-04-18,5.1145,4.9226,4.6254,4.6063,4.7416
2024-04-19,5.1066,4.9088,4.6067,4.5837,4.725
2024-04-22,5.1048,4.9038,4.603,4.5868,4.7305
2024-04-23,5.0781,4.8669,4.5679,4.5763,4.7329
2024-04-24,5.0906,4.8855,4.6012,4.6239,4.7742
2024-04-25,5.1324,4.9418,4.6654,4.6726,4.8114
2024-04-26,5.1428,4.9398,4.6422,4.6354,4.7847
2024-04-29,5.1251,4.9173,4.6026,4.5893,4.7578
2024-04-30,5.1711,4.9808,4.6704,4.6411,4.7855
2024-05-01,5.1281,4.9068,4.5882,4.5828,4.7389
2024-05-02,5.0898,4.8388,4.5177,4.5484,4.7603
2024-05-03,5.0364,4.7564,4.43,4.4777,4.7265
2024-05-06,5.0443,4.7774,4.4312,4.4546,4.676
2024-05-07,5.0487,4.7782,4.4177,4.4259,4.6421
2024-05-08,5.0509,4.7879,4.4446,4.4607,4.6785
2024-05-09,5.042,4.7575,4.4097,4.4321,4.6733
2024-05-10,5.0684,4.8053,4.4578,4.4721,4.6809
2024-05-13,5.0673,4.7978,4.4436,4.4557,4.6663
2024-05-14,5.0534,4.7557,4.4013,4.4278,4.6607
2024-05-15,5.0036,4.6687,4.297,4.335,4.5907
2024-05-16,5.0387,4.7261,4.3417,4.3621,4.6167
2024-05-17,5.0426,4.7531,4.3781,4.3869,4.6011
2024-05-20,5.0544,4.7684,4.3961,4.4045,4.612
2024-05-21,5.0495,4.7575,4.3707,4.3761,4.5797
2024-05-22,5.0777,4.7999,4.4022,4.3787,4.5485
2024-05-23,5.1163,4.8544,4.4604,4.4523,4.6523
2024-05-24,5.1344,4.8694,4.4616,4.4503,4.6514
2024-05-27,,,,,
2024-05-28,5.1307,4.8855,4.5154,4.4889,4.6325
2024-05-29,5.1569,4.9104,4.5816,4.6085,4.8165
2024-05-30,5.1247,4.8666,4.5207,4.5461,4.7685
2024-05-31,5.111,4.8233,4.4702,4.5013,4.7365
2024-06-03,5.0564,4.7632,4.3689,4.3697,4.5643
2024-06-04,5.0266,4.7126,4.2948,4.2951,4.4947
2024-06-05,5.0051,4.6713,4.2548,4.2623,4.49
2024-06-06,4.9945,4.6585,4.2372,4.2458,4.4706
2024-06-07,5.0907,4.803,4.398,4.3822,4.5357
2024-06-10,5.1024,4.8077,4.4249,4.4532,4.6757
2024-06-11,5.0688,4.7554,4.3492,4.361,4.5397
2024-06-12,5.0292,4.6871,4.2636,4.2843,4.5107
2024-06-13,4.9853,4.6207,4.1831,4.2137,4.442
2024-06-14,4.985,4.6234,4.1717,4.185,4.3805
2024-06-17,5.0199,4.6868,4.243,4.238,4.4266
2024-06-18,4.9968,4.6269,4.182,4.1923,4.4186
2024-06-19,,,,,
2024-06-20,5.0102,4.6434,4.2068,4.2256,4.4439
2024-06-21,5.0048,4.6436,4.2105,4.2259,4.4487
2024-06-24,5.0054,4.6474,4.2145,4.2204,4.4324
2024-06-25,5.0046,4.6412,4.2016,4.2047,4.4197
2024-06-26,5.0429,4.7001,4.281,4.2946,4.4884
2024-06-27,5.0245,4.6706,4.2471,4.2655,4.4805
2024-06-28,5.028,4.6791,4.2873,4.3358,4.5714
2024-07-01,5.0464,4.7279,4.3877,4.4777,4.6813
2024-07-02,5.0209,4.6944,4.338,4.4217,4.6473
2024-07-03,5.0086,4.6581,4.2753,4.3471,4.5864
2024-07-04,,,,,
2024-07-05,4.933,4.5553,4.1716,4.2704,4.5407
2024-07-08,4.9399,4.5692,4.1759,4.2613,4.5267
2024-07-09,4.9489,4.5725,4.1918,4.2932,4.5594
2024-07-10,4.9485,4.5694,4.1841,4.2764,4.5447
2024-07-11,4.8497,4.4492,4.078,4.1918,4.5003
2024-07-12,4.8161,4.3967,4.0523,4.1843,4.4968
2024-07-15,4.7999,4.3949,4.0799,4.2359,4.5615
2024-07-16,4.7866,4.3748,4.0346,4.1666,4.4805
2024-07-17,4.7893,4.3704,4.0201,4.151,4.475
2024-07-18,4.8071,4.407,4.0624,4.2003,4.5136
2024-07-19,4.8113,4.4386,4.1094,4.242,4.5453
2024-07-22,4.8194,4.4494,4.1214,4.258,4.572
2024-07-23,4.7909,4.4133,4.1002,4.2446,4.5894
2024-07-24,4.7667,4.3851,4.1041,4.2867,4.6569
2024-07-25,4.7823,4.4101,4.1076,4.2636,4.6188
2024-07-26,4.7449,4.3473,4.0328,4.1957,4.5738
2024-07-29,4.74,4.3409,4.014,4.1697,4.5435
2024-07-30,4.7181,4.3181,3.9902,4.1463,4.5285
2024-07-31,4.6874,4.2592,3.9224,4.078,4.5018
2024-08-01,4.571,4.1179,3.8067,3.976,4.4423
2024-08-02,4.2943,3.8356,3.5901,3.7801,4.3473
2024-08-05,4.3069,3.8513,3.5946,3.7608,4.311
2024-08-06,4.4024,3.9478,3.7046,3.8868,4.4201
2024-08-07,4.4012,3.9659,3.7673,3.9662,4.4969
2024-08-08,4.4339,4.0015,3.8061,4.002,4.5291
2024-08-09,4.4585,4.0168,3.7703,3.959,4.4222
2024-08-12,4.4245,3.9706,3.7199,3.9188,4.394
2024-08-13,4.366,3.8969,3.6542,3.8477,4.4198
2024-08-14,4.3745,3.9005,3.6455,3.822,4.373
2024-08-15,4.4828,4.0446,3.7599,3.9263,4.3512
2024-08-16,4.4412,4.0074,3.739,3.8918,4.3889
2024-08-19,4.4389,4.0086,3.7224,3.8603,4.3477
2024-08-20,4.3827,3.9413,3.6724,3.8152,4.3128
2024-08-21,4.3226,3.8759,3.6244,3.7846,4.3085
2024-08-22,4.3866,3.9507,3.6977,3.8586,4.3698
2024-08-23,4.3051,3.8594,3.6296,3.8085,4.3434
2024-08-26,4.3202,3.8731,3.6428,3.8168,4.3488
2024-08-27,4.2897,3.8467,3.6425,3.8394,4.3701
2024-08-28,4.292,3.8476,3.6452,3.8466,4.3743
2024-08-29,4.3124,3.8724,3.6723,3.875,4.3913
2024-08-30,4.3103,3.893,3.71,3.9147,4.4324
2024-09-02,,,,,
2024-09-03,4.2835,3.8463,3.6442,3.8379,4.3618
2024-09-04,4.1735,3.7305,3.5573,3.7628,4.2976
2024-09-05,4.1661,3.7141,3.5342,3.7338,4.257
2024-09-06,4.0894,3.6284,3.497,3.7212,4.267
2024-09-09,4.0927,3.6313,3.4822,3.6977,4.2384
2024-09-10,4.0322,3.5574,3.4219,3.6483,4.2059
2024-09-11,4.0837,3.5909,3.4353,3.6503,4.2025
2024-09-12,4.0636,3.6022,3.4618,3.6821,4.2414
2024-09-13,3.9743,3.5329,3.4223,3.655,4.2291
2024-09-16,3.9399,3.5165,3.4048,3.6235,4.1752
2024-09-17,3.9606,3.5473,3.4306,3.643,4.1926
2024-09-18,3.9376,3.5588,3.4715,3.7062,4.2638
2024-09-19,3.9154,3.544,3.4896,3.733,4.2999
2024-09-20,3.8838,3.5192,3.4789,3.7276,4.3091
2024-09-23,3.8755,3.529,3.5024,3.7479,4.3283
2024-09-24,3.8316,3.486,3.473,3.7385,4.336
2024-09-25,3.8485,3.5285,3.52,3.7895,4.3838
2024-09-26,3.9018,3.5929,3.5491,3.7905,4.3678
2024-09-27,3.8508,3.5288,3.4951,3.7493,4.3481
2024-09-30,3.932,3.6232,3.5714,3.8034,4.3833
2024-10-01,3.9043,3.5812,3.5056,3.7359,4.3318
2024-10-02,3.912,3.5996,3.5397,3.7849,4.3934
2024-10-03,3.9597,3.6692,3.6117,3.8469,4.4355
2024-10-04,4.1442,3.891,3.7934,3.9727,4.5021
2024-10-07,4.2097,3.9593,3.8437,4.0379,4.5036
2024-10-08,4.1804,3.9344,3.8451,4.0339,4.5496
2024-10-09,4.2168,3.9688,3.8784,4.0794,4.5246
2024-10-10,4.1962,3.9463,3.8882,4.0965,4.6022
2024-10-11,4.1547,3.9079,3.8591,4.1003,4.5737
2024-10-14,,,,,
2024-10-15,4.1731,3.9128,3.836,4.0311,4.5346
2024-10-16,4.1479,3.8943,3.8229,4.0232,4.5205
2024-10-17,4.1844,3.9335,3.8771,4.1118,4.5683
2024-10-18,4.1645,3.9085,3.8572,4.0994,4.566
2024-10-21,4.2174,3.987,3.9538,4.2079,4.656
2024-10-22,4.216,4.0031,3.9804,4.2267,4.6539
2024-10-23,4.2427,4.051,4.0291,4.2638,4.6723
2024-10-24,4.2239,4.034,4.009,4.2283,4.6366
2024-10-25,4.2514,4.0689,4.0473,4.2708,4.68
2024-10-28,4.2701,4.0979,4.0855,4.3033,4.687
2024-10-29,4.2583,4.0861,4.0813,4.3069,4.6803
2024-10-30,4.276,4.1321,4.1134,4.3091,4.6374
2024-10-31,4.2704,4.125,4.1225,4.2994,4.6166
2024-11-01,4.2869,4.1762,4.1896,4.3985,4.694
2024-11-04,4.2597,4.1423,4.1416,4.3339,4.6254
2024-11-05,4.2787,4.1585,4.1336,4.2997,4.567
2024-11-06,4.3242,4.2294,4.2506,4.4537,4.7278
2024-11-07,4.2971,4.1725,4.1475,4.3474,4.666
2024-11-08,4.315,4.2297,4.1583,4.3083,4.5196
2024-11-11,,,,,
2024-11-12,4.3681,4.3137,4.2816,4.4344,4.6063
2024-11-13,4.3049,4.2495,4.2655,4.4665,4.7445
2024-11-14,4.3664,4.3112,4.2807,4.4276,4.6427
2024-11-15,4.3475,4.2694,4.2634,4.4471,4.7225
2024-11-18,4.3337,4.2504,4.2432,4.4374,4.7416
2024-11-19,4.334,4.2431,4.2148,4.3993,4.6897
2024-11-20,4.3447,4.2804,4.2368,4.4009,4.6295
2024-11-21,4.3709,4.3099,4.2655,4.4178,4.6651
2024-11-22,4.3911,4.3239,4.2659,4.4067,4.6507
2024-11-25,4.348,4.2452,4.1316,4.2603,4.4831
2024-11-26,4.3595,4.2515,4.1523,4.3026,4.5298
2024-11-27,4.3265,4.2121,4.0956,4.2452,4.4686
2024-11-28,,,,,
2024-11-29,4.3134,4.1558,4.0273,4.1937,4.4516
2024-12-02,4.2955,4.1711,4.0476,4.189,4.4053
2024-12-03,4.2728,4.1693,4.0781,4.2309,4.4449
2024-12-04,4.2411,4.116,4.0392,4.2035,4.4483
2024-12-05,4.2342,4.1345,4.0345,4.1684,4.3553
2024-12-06,4.1956,4.0922,4.0007,4.1533,4.3844
2024-12-09,4.196,4.1128,4.037,4.19,4.4151
2024-12-10,4.1991,4.1246,4.0608,4.2119,4.4429
2024-12-11,4.2035,4.1398,4.098,4.2674,4.5189
2024-12-12,4.2112,4.1618,4.1463,4.3302,4.6013
2024-12-13,4.2374,4.2077,4.2231,4.4112,4.6722
2024-12-16,4.2397,4.2075,4.2175,4.4003,4.6504
2024-12-17,4.2387,4.2085,4.2238,4.4099,4.6201
2024-12-18,4.2787,4.2954,4.3705,4.5263,4.7324
2024-12-19,4.2602,4.2864,4.3944,4.6006,4.7942
2024-12-20,4.2614,4.2666,4.3398,4.5405,4.7756
2024-12-23,4.2845,4.3062,4.4077,4.6162,4.8336
2024-12-24,4.2745,4.3071,4.4203,4.6154,4.8426
2024-12-25,,,,,
2024-12-26,4.2679,4.2923,4.3962,4.6007,4.8212
2024-12-27,4.2527,4.2905,4.4228,4.649,4.8771
2024-12-30,4.2016,4.2244,4.3366,4.5721,4.8306
2024-12-31,4.1982,4.2273,4.3514,4.5924,4.838
2025-01-01,,,,,
2025-01-02,4.1919,4.2189,4.3406,4.5845,4.8474
2025-01-03,4.2098,4.2462,4.3805,4.6197,4.8805
2025-01-06,4.2075,4.2453,4.3874,4.6416,4.8931
2025-01-07,4.22,4.2657,4.4277,4.7029,4.9476
2025-01-08,4.2129,4.2549,4.4144,4.6991,4.9533
2025-01-09,4.1942,4.2487,4.4278,4.7145,4.979
2025-01-10,4.2781,4.3555,4.5603,4.8152,5.0135
2025-01-13,4.2935,4.3704,4.5754,4.8319,5.0017
2025-01-14,4.271,4.3464,4.5546,4.8274,5.0046
2025-01-15,4.211,4.2552,4.4141,4.6851,4.8979
2025-01-16,4.2089,4.219,4.3587,4.6458,4.9155
2025-01-17,4.2264,4.2551,4.3836,4.6374,4.8735
2025-01-20,,,,,
2025-01-21,4.2316,4.2537,4.3632,4.5934,4.8413
2025-01-22,4.2435,4.2701,4.3876,4.62,4.8546
2025-01-23,4.2227,4.2649,4.4125,4.6636,4.9158
2025-01-24,4.2165,4.2534,4.3937,4.6462,4.8866
2025-01-27,4.1898,4.1633,4.3062,4.548,4.9165
2025-01-28,4.1806,4.1693,4.3107,4.5674,4.9255
2025-01-29,4.213,4.1974,4.3282,4.5727,4.9339
2025-01-30,4.1875,4.1654,4.2856,4.5351,4.8991
2025-01-31,4.2066,4.1969,4.343,4.5976,4.9783
2025-02-03,4.2265,4.2351,4.3202,4.5411,4.8121
2025-02-04,4.2087,4.181,4.2938,4.5303,4.8924
2025-02-05,4.1932,4.1483,4.2175,4.4295,4.7721
2025-02-06,4.2081,4.175,4.2504,4.4448,4.7886
2025-02-07,4.2574,4.2555,4.3072,4.4814,4.7578
2025-02-10,4.251,4.25,4.3057,4.4884,4.7799
2025-02-11,4.2595,4.263,4.331,4.5275,4.8048
2025-02-12,4.3055,4.3325,4.4389,4.6402,4.8911
2025-02-13,4.2778,4.2828,4.3475,4.5273,4.7907
2025-02-14,4.2389,4.2362,4.2908,4.477,4.7628
2025-02-17,,,,,
2025-02-18,4.2622,4.2758,4.3593,4.5563,4.841
2025-02-19,4.2453,4.2504,4.326,4.5365,4.8157
2025-02-20,4.2366,4.2367,4.3026,4.5081,4.8051
2025-02-21,4.1901,4.1506,4.2287,4.4389,4.8228
2025-02-24,4.1782,4.1291,4.2033,4.4223,4.8148
2025-02-25,4.1392,4.0646,4.0979,4.3174,4.701
2025-02-26,4.1381,4.0339,4.0482,4.2678,4.656
2025-02-27,4.1395,4.0392,4.0731,4.3065,4.7173
2025-02-28,4.0849,3.9687,4.0152,4.2594,4.6857
2025-03-03,4.0622,3.927,3.952,4.188,4.6325
2025-03-04,4.0514,3.9291,3.9892,4.2505,4.721
2025-03-05,4.0701,3.9752,4.0565,4.3118,4.7596
2025-03-06,4.0379,3.9465,4.0479,4.3275,4.7681
2025-03-07,4.0636,3.9708,4.0726,4.3537,4.8007
2025-03-10,4.0008,3.876,3.9661,4.2552,4.742
2025-03-11,4.0288,3.9135,4.012,4.3148,4.7733
2025-03-12,4.0717,3.97,4.0614,4.3561,4.8063
2025-03-13,4.0377,3.9196,4.0065,4.3062,4.7755
2025-03-14,4.0833,3.9893,4.0668,4.3478,4.7883
2025-03-17,4.1088,4.0261,4.0776,4.3394,4.7549
2025-03-18,4.1082,4.0078,4.0463,4.3133,4.7313
2025-03-19,4.0822,3.9484,4.0082,4.2823,4.7298
2025-03-20,4.052,3.923,3.9845,4.2639,4.7294
2025-03-21,4.033,3.9092,3.9798,4.28,4.7718
2025-03-24,4.0918,3.9982,4.0681,4.3634,4.8258
2025-03-25,4.077,3.9684,4.0377,4.3406,4.8282
2025-03-26,4.0857,3.9899,4.0636,4.3745,4.8637
2025-03-27,4.0816,3.9773,4.0724,4.4055,4.9012
2025-03-28,4.0219,3.89,3.9617,4.2929,4.821
2025-03-31,4.0087,3.8759,3.9351,4.2571,4.7697
2025-04-01,3.9923,3.8493,3.8862,4.196,4.7016
2025-04-02,4.03,3.8891,3.9252,4.2277,4.7215
2025-04-03,3.9233,3.7004,3.7305,4.0926,4.7085
2025-04-04,3.8918,3.6698,3.7056,4.0417,4.6329
2025-04-07,3.9072,3.7141,3.8038,4.1978,4.7998
2025-04-08,3.8805,3.7039,3.8693,4.3297,4.9237
2025-04-09,4.0539,3.9126,4.0358,4.4143,4.9014
2025-04-10,3.9851,3.8434,4.0198,4.4862,5.0692
2025-04-11,4.0538,3.9577,4.1363,4.5536,5.0094
2025-04-14,3.9904,3.8385,4.0028,4.4478,4.9824
2025-04-15,3.9882,3.8355,3.9658,4.4146,4.9702
2025-04-16,3.9531,3.7624,3.8855,4.3521,4.9421
2025-04-17,3.988,3.7926,3.9315,4.4123,4.9921
2025-04-18,,,,,
2025-04-21,3.9234,3.7387,3.9501,4.5085,5.0862
2025-04-22,3.9683,3.7923,3.9657,4.4852,5.058
2025-04-23,4.0145,3.8511,3.9941,4.4613,4.9985
2025-04-24,3.9664,3.7846,3.9114,4.3825,4.9361
2025-04-25,3.953,3.7555,3.8692,4.3377,4.9137
2025-04-28,3.9079,3.6746,3.7998,4.2878,4.8674
2025-04-29,3.8812,3.6462,3.7565,4.235,4.8201
2025-04-30,3.8405,3.5891,3.7105,4.2277,4.8523
2025-05-01,3.9082,3.6929,3.7987,4.3055,4.9184
2025-05-02,3.9884,3.8138,3.902,4.3779,4.9538
2025-05-05,3.9972,3.8213,3.9211,4.4115,4.9921
2025-05-06,3.961,3.772,3.8799,4.3845,4.9873
2025-05-07,3.9754,3.7662,3.8488,4.3375,4.9512
2025-05-08,4.0313,3.8785,3.9777,4.4421,5.0043
2025-05-09,4.0236,3.8663,3.9746,4.4417,5.0166
2025-05-12,4.0917,3.9707,4.0728,4.5125,5.0522
2025-05-13,4.1062,4.0006,4.0989,4.5567,5.0715
2025-05-14,4.1245,4.0367,4.1424,4.5917,5.1012
2025-05-15,4.0787,3.9474,4.0427,4.5129,5.0571
2025-05-16,4.0955,3.9655,4.0343,4.4935,5.0203
2025-05-19,4.0857,3.9494,4.041,4.5236,5.0514
2025-05-20,4.0856,3.9479,4.0448,4.5481,5.0957
2025-05-21,4.1046,3.9818,4.1229,4.6616,5.2056
2025-05-22,4.1114,3.9783,4.0872,4.6196,5.1782
2025-05-23,4.1343,3.9836,4.0639,4.5874,5.1756
2025-05-26,,,,,
2025-05-27,4.1095,3.9497,4.0014,4.5042,5.0661
2025-05-28,4.1366,3.9793,4.0387,4.5436,5.0901
2025-05-29,4.1105,3.9317,3.9852,4.4893,5.0619
2025-05-30,4.0966,3.895,3.9559,4.4754,5.0801
2025-06-02,4.1008,3.9247,3.9949,4.5258,5.1387
2025-06-03,4.1104,3.9459,4.0112,4.5281,5.1306
2025-06-04,4.0602,3.8601,3.9145,4.4248,5.0543
2025-06-05,4.0758,3.9144,3.9737,4.4512,5.0359
2025-06-06,4.1361,4.0163,4.1041,4.5679,5.1026
2025-06-09,4.1254,3.9867,4.0706,4.5426,5.1054
2025-06-10,4.1253,3.9844,4.0589,4.5226,5.0796
2025-06-11,4.0869,3.9207,3.9931,4.4691,5.0843
2025-06-12,4.0605,3.8837,3.9438,4.4036,5.0162
2025-06-13,4.0814,3.9275,3.9921,4.4671,5.0715
2025-06-16,4.103,3.9447,4.0159,4.5099,5.1176
2025-06-17,4.0956,3.922,3.9612,4.4342,5.0427
2025-06-18,4.0946,3.9108,3.9572,4.4375,5.0418
2025-06-19,,,,,
2025-06-20,4.0646,3.8785,3.9402,4.4343,5.0616
2025-06-23,4.0242,3.8135,3.8834,4.3931,5.0558
2025-06-24,4.0035,3.7779,3.8385,4.3518,5.0173
2025-06-25,3.9915,3.7641,3.8251,4.3464,5.0165
2025-06-26,3.9559,3.7095,3.7814,4.318,5.0059
2025-06-27,3.9753,3.7389,3.8156,4.3539,5.0336
2025-06-30,3.9603,3.7069,3.7731,4.2905,4.9738
2025-07-01,3.9904,3.7663,3.8211,4.3089,4.9591
2025-07-02,3.9881,3.7749,3.8511,4.3568,4.9999
2025-07-03,4.0891,3.8664,3.9177,4.4041,5.0323
2025-07-04,,,,,
2025-07-07,4.0713,3.8709,3.9403,4.4533,5.0873
2025-07-08,4.085,3.8814,3.9654,4.4781,5.1075
2025-07-09,4.051,3.8306,3.8955,4.3982,5.0438
2025-07-10,4.0512,3.8439,3.9102,4.4021,5.031
2025-07-11,4.0646,3.8735,3.9684,4.4902,5.1268
2025-07-14,4.0596,3.8641,3.9615,4.4899,5.136
2025-07-15,4.0929,3.9215,4.0282,4.5552,5.1673
2025-07-16,4.0567,3.8567,3.9681,4.5248,5.1759
2025-07-17,4.0788,3.8871,3.9857,4.533,5.1648
2025-07-18,4.051,3.8424,3.9425,4.4996,5.1647
2025-07-21,4.0437,3.8168,3.8934,4.4367,5.1078
2025-07-22,4.0268,3.7972,3.8593,4.4013,5.0674
2025-07-23,4.0574,3.8489,3.92,4.4478,5.1151
2025-07-24,4.0783,3.8865,3.9535,4.4693,5.113
2025-07-25,4.0687,3.8753,3.9282,4.4358,5.0784
2025-07-28,4.0738,3.8829,3.9515,4.4667,5.1229
2025-07-29,4.0527,3.8441,3.8814,4.3724,5.0289
2025-07-30,4.1147,3.9134,3.9374,4.4166,5.0461
2025-07-31,4.1212,3.9122,3.934,4.4086,5.0431
2025-08-01,3.9076,3.6715,3.7553,4.2749,5.0114
2025-08-04,3.889,3.6571,3.7327,4.2559,5.0032
2025-08-05,3.9084,3.6895,3.7483,4.2575,4.9602
2025-08-06,3.8933,3.6709,3.7461,4.2783,4.9997
2025-08-07,3.9149,3.7029,3.773,4.2906,5.0071
2025-08-08,3.9211,3.7275,3.8158,4.3306,5.0513
2025-08-11,3.9182,3.7281,3.8116,4.319,5.0426
2025-08-12,3.8879,3.7,3.8091,4.3439,5.0866
2025-08-13,3.8481,3.649,3.7539,4.2876,5.033
2025-08-14,3.8871,3.7042,3.8,4.34,5.0668
2025-08-15,3.9062,3.726,3.8271,4.3846,5.1012
2025-08-18,3.907,3.7346,3.8337,4.3947,5.1087
2025-08-19,3.8923,3.7167,3.8028,4.3589,5.0648
2025-08-20,3.8844,3.706,3.7859,4.341,5.062
2025-08-21,3.9242,3.7535,3.8362,4.3831,5.0891
2025-08-22,3.8525,3.651,3.7432,4.3119,5.0708
2025-08-25,3.8709,3.6922,3.7733,4.3333,5.0652
2025-08-26,3.8373,3.6374,3.7266,4.3153,5.096
2025-08-27,3.8266,3.6147,3.697,4.3025,5.1132
2025-08-28,3.8362,3.6264,3.6843,4.2713,5.0629
2025-08-29,3.8116,3.6023,3.6797,4.2885,5.1187
2025-09-01,,,,,
2025-09-02,3.8319,3.6429,3.7267,4.3437,5.1626
2025-09-03,3.7919,3.6034,3.6774,4.2768,5.0818
2025-09-04,3.7711,3.5746,3.631,4.2288,5.0432
2025-09-05,3.68,3.4998,3.5731,4.1521,4.9639
2025-09-08,3.6719,3.4828,3.5553,4.1082,4.8719
2025-09-09,3.6973,3.525,3.5835,4.1282,4.8859
2025-09-10,3.686,3.5215,3.5686,4.0947,4.8598
2025-09-11,3.6706,3.5161,3.5592,4.0672,4.8167
2025-09-12,3.6893,3.5408,3.6071,4.118,4.8498
2025-09-15,3.6836,3.518,3.5851,4.0982,4.8458
2025-09-16,3.6593,3.4934,3.5719,4.09,4.8337
2025-09-17,3.6703,3.5128,3.6058,4.1125,4.8505
2025-09-18,3.6752,3.5478,3.6492,4.1657,4.9082
2025-09-19,3.6751,3.554,3.6682,4.1921,4.9308
2025-09-22,3.6839,3.5785,3.6821,4.2023,4.9304
2025-09-23,3.6775,3.5631,3.6565,4.1709,4.8973
2025-09-24,3.6955,3.5931,3.6979,4.2045,4.9292
2025-09-25,3.7373,3.649,3.7414,4.2205,4.8998
2025-09-26,3.7218,3.6394,3.7546,4.2439,4.9246
2025-09-29,3.716,3.6191,3.7221,4.1986,4.8672
2025-09-30,3.6945,3.5936,3.7195,4.2103,4.9138
2025-10-01,3.6471,3.5342,3.669,4.1764,4.9172
2025-10-02,3.6448,3.5325,3.6571,4.1535,4.8925
2025-10-03,3.6603,3.5611,3.6987,4.1888,4.9081
2025-10-06,3.6702,3.5829,3.7348,4.2365,4.9517
2025-10-07,3.6567,3.5575,3.6937,4.1957,4.9118
2025-10-08,3.6681,3.5722,3.7071,4.1984,4.9088
2025-10-09,3.672,3.5781,3.719,4.2087,4.9114
2025-10-10,3.6218,3.5005,3.634,4.1148,4.8237
2025-10-13,,,,,
2025-10-14,3.5929,3.4545,3.5897,4.088,4.8193
2025-10-15,3.6094,3.4829,3.6134,4.1119,4.8254
2025-10-16,3.5551,3.4027,3.5371,4.0427,4.7833
2025-10-17,3.5774,3.4401,3.5795,4.0764,4.8009
2025-10-20,3.5784,3.442,3.5673,4.0576,4.7699
2025-10-21,3.5738,3.4316,3.5465,4.0284,4.7412
2025-10-22,3.5705,3.4217,3.5463,4.0259,4.7445
2025-10-23,3.5947,3.4649,3.5913,4.0687,4.7761
2025-10-24,3.5826,3.4636,3.5912,4.0755,4.7768
2025-10-27,3.5952,3.4828,3.5986,4.0659,4.7516
2025-10-28,3.5873,3.4762,3.5894,4.0511,4.7291
2025-10-29,3.6823,3.5826,3.682,4.1285,4.7628
2025-10-30,3.6954,3.5934,3.7004,4.1628,4.8108
2025-10-31,3.689,3.5833,3.6901,4.1652,4.833
2025-11-03,3.6843,3.587,3.6986,4.1787,4.8614
2025-11-04,3.6575,3.563,3.6752,4.1545,4.8379
2025-11-05,3.694,3.6182,3.7404,4.2256,4.8912
2025-11-06,3.6414,3.5507,3.6681,4.1611,4.8544
2025-11-07,3.6324,3.5402,3.6583,4.1625,4.8641
2025-11-10,3.6492,3.5724,3.6913,4.1834,4.8595
2025-11-11,,,,,
2025-11-12,3.6405,3.5474,3.6502,4.1368,4.8288
2025-11-13,3.6665,3.5736,3.685,4.1757,4.8785
2025-11-14,3.682,3.5978,3.7132,4.2117,4.9137
2025-11-17,3.681,3.5937,3.6982,4.1914,4.8944
2025-11-18,3.6535,3.5582,3.6732,4.1874,4.9185
2025-11-19,3.6682,3.5683,3.684,4.1965,4.9342
2025-11-20,3.6433,3.5351,3.6526,4.1697,4.9193
2025-11-21,3.6063,3.4897,3.5989,4.1336,4.9065
2025-11-24,3.6007,3.4811,3.5866,4.1086,4.8745
2025-11-25,3.5907,3.4569,3.5494,4.0801,4.8674
2025-11-26,3.6092,3.4724,3.552,4.0689,4.8306
2025-11-27,,,,,
2025-11-28,3.6186,3.4903,3.5787,4.0983,4.8509
2025-12-01,3.6232,3.5307,3.6466,4.1731,4.9172
2025-12-02,3.6031,3.5052,3.6345,4.1706,4.9286
2025-12-03,3.5774,3.4766,3.6016,4.1409,4.9229
2025-12-04,3.6027,3.5188,3.6586,4.1906,4.96
2025-12-05,3.6095,3.5527,3.6877,4.2135,4.9467
2025-12-08,3.6139,3.5724,3.7247,4.2487,4.9601
2025-12-09,3.6267,3.6005,3.7501,4.2514,4.9356
2025-12-10,3.6054,3.5281,3.7045,4.2337,5.0034
2025-12-11,3.5573,3.5204,3.6909,4.224,4.9574
2025-12-12,3.5522,3.5253,3.7259,4.2831,5.0414
2025-12-15,3.5321,3.498,3.7083,4.2693,5.0549
2025-12-16,3.5186,3.465,3.6714,4.2345,5.0407
2025-12-17,3.5226,3.4761,3.6791,4.2436,5.0425
2025-12-18,3.5044,3.4518,3.6416,4.2061,5.0069
2025-12-19,3.5061,3.4741,3.6742,4.2367,5.0234
2025-12-22,3.5162,3.4956,3.6938,4.2475,5.022
2025-12-23,3.5363,3.5287,3.714,4.241,4.9815
2025-12-24,3.5416,3.5278,3.7004,4.2158,4.9498
2025-12-25,,,,,
2025-12-26,3.5131,3.4816,3.6707,4.2193,5.0174
2025-12-29,3.4989,3.4595,3.6492,4.1995,5.0169
2025-12-30,3.4878,3.4451,3.6592,4.2127,5.0492
2025-12-31,3.5082,3.4717,3.7092,4.2568,5.1025
