date,target_date,actual,regression,unchanged_yield
2024-12-31,2025-01-02,4.5845,4.586468367624847,4.5924
2025-01-02,2025-01-03,4.6197,4.578687757864155,4.5845
2025-01-03,2025-01-06,4.6416,4.613355791228251,4.6197
2025-01-06,2025-01-07,4.7029,4.634924823349664,4.6416
2025-01-07,2025-01-08,4.6991,4.6952984155433874,4.7029
2025-01-08,2025-01-09,4.7145,4.6915558437597635,4.6991
2025-01-09,2025-01-10,4.8152,4.706723108356556,4.7145
2025-01-10,2025-01-13,4.8319,4.805901260622593,4.8152
2025-01-13,2025-01-14,4.8274,4.822348878724309,4.8319
2025-01-14,2025-01-15,4.6851,4.817916885822649,4.8274
2025-01-15,2025-01-16,4.6458,4.677767421399044,4.6851
2025-01-16,2025-01-17,4.6374,4.63906135005788,4.6458
2025-01-17,2025-01-21,4.5934,4.630788296641448,4.6374
2025-01-21,2025-01-22,4.62,4.587453254936327,4.5934
2025-01-22,2025-01-23,4.6636,4.6136512574216955,4.62
2025-01-23,2025-01-24,4.6462,4.656592344202224,4.6636
2025-01-24,2025-01-27,4.548,4.639455304982472,4.6462
2025-01-27,2025-01-28,4.5674,4.542739370995134,4.548
2025-01-28,2025-01-29,4.5727,4.561846184837847,4.5674
2025-01-29,2025-01-30,4.5351,4.567066087588691,4.5727
2025-01-30,2025-01-31,4.5976,4.530034324677042,4.5351
2025-01-31,2025-02-03,4.5411,4.591589781644543,4.5976
2025-02-03,2025-02-04,4.5303,4.535943648545922,4.5411
2025-02-04,2025-02-05,4.4295,4.525306865581939,4.5303
2025-02-05,2025-02-06,4.4448,4.426030224584753,4.4295
2025-02-06,2025-02-07,4.4814,4.441099000450397,4.4448
2025-02-07,2025-02-10,4.4884,4.477145876050566,4.4814
2025-02-10,2025-02-11,4.5275,4.484040087230927,4.4884
2025-02-11,2025-02-12,4.6402,4.522549181109794,4.5275
2025-02-12,2025-02-13,4.5273,4.633545981113592,4.6402
2025-02-13,2025-02-14,4.477,4.522352203647499,4.5273
2025-02-14,2025-02-18,4.5563,4.472812371880054,4.477
2025-02-18,2025-02-19,4.5365,4.550913935680419,4.5563
2025-02-19,2025-02-20,4.5081,4.531413166913115,4.5365
2025-02-20,2025-02-21,4.4389,4.503442367267082,4.5081
2025-02-21,2025-02-24,4.4223,4.435288165312666,4.4389
2025-02-24,2025-02-25,4.3174,4.418939035942097,4.4223
2025-02-25,2025-02-26,4.2678,4.315624356967844,4.3174
2025-02-26,2025-02-27,4.3065,4.266773946318436,4.2678
2025-02-27,2025-02-28,4.2594,4.304889085272712,4.3065
2025-02-28,2025-03-03,4.188,4.258500892902004,4.2594
2025-03-03,2025-03-04,4.2505,4.188179938862331,4.188
2025-03-04,2025-03-05,4.3118,4.249735395829831,4.2505
2025-03-05,2025-03-06,4.3275,4.310108988023556,4.3118
2025-03-06,2025-03-07,4.3537,4.325571718813792,4.3275
2025-03-07,2025-03-10,4.2552,4.351375766374568,4.3537
2025-03-10,2025-03-11,4.3148,4.254364366193788,4.2552
2025-03-11,2025-03-12,4.3561,4.313063649957996,4.3148
2025-03-12,2025-03-13,4.3062,4.35373949592212,4.3561
2025-03-13,2025-03-14,4.3478,4.3045936190792675,4.3062
2025-03-14,2025-03-17,4.3394,4.3455649312368365,4.3478
2025-03-17,2025-03-18,4.3133,4.337291877820405,4.3394
2025-03-18,2025-03-19,4.2823,4.311586318990776,4.3133
2025-03-19,2025-03-20,4.2639,4.281054812334896,4.2823
2025-03-20,2025-03-21,4.28,4.2629328858036635,4.2639
2025-03-21,2025-03-24,4.3634,4.278789571518492,4.28
2025-03-24,2025-03-25,4.3406,4.360929173295925,4.3634
2025-03-25,2025-03-26,4.3745,4.33847374259418,4.3406
2025-03-26,2025-03-27,4.4055,4.371861422453353,4.3745
2025-03-27,2025-03-28,4.2929,4.402392929109233,4.4055
2025-03-28,2025-03-31,4.2571,4.291494617836585,4.2929
2025-03-31,2025-04-01,4.196,4.2562356520856,4.2571
2025-04-01,2025-04-02,4.2277,4.19605903735417,4.196
2025-04-02,2025-04-03,4.0926,4.227279965128087,4.2277
2025-04-03,2025-04-04,4.0417,4.094221689347138,4.0926
2025-04-04,2025-04-07,4.1978,4.044090925192805,4.0417
2025-04-07,2025-04-08,4.3297,4.197831834514835,4.1978
2025-04-08,2025-04-09,4.4143,4.327738470899049,4.3297
2025-04-09,2025-04-10,4.4862,4.411059937450257,4.4143
2025-04-10,2025-04-11,4.5536,4.4818733351456705,4.4862
2025-04-11,2025-04-14,4.4478,4.548254739939423,4.5536
2025-04-14,2025-04-15,4.4146,4.444053662384838,4.4478
2025-04-15,2025-04-16,4.3521,4.411355403643701,4.4146
2025-04-16,2025-04-17,4.4123,4.3497999466762005,4.3521
2025-04-17,2025-04-21,4.5085,4.409090162827297,4.4123
2025-04-21,2025-04-22,4.4852,4.503836322191674,4.5085
2025-04-22,2025-04-23,4.4613,4.4808884478341895,4.4852
2025-04-23,2025-04-24,4.3825,4.4573496410898175,4.4613
2025-04-24,2025-04-25,4.3377,4.379740520945194,4.3825
2025-04-25,2025-04-28,4.2878,4.335617569390888,4.3377
2025-04-28,2025-04-29,4.235,4.2864716925480355,4.2878
2025-04-29,2025-04-30,4.2277,4.2344696425018915,4.235
2025-04-30,2025-05-01,4.3055,4.227279965128087,4.2277
2025-05-01,2025-05-02,4.3779,4.3039041979612325,4.3055
2025-05-02,2025-05-05,4.4115,4.375210039312385,4.3779
2025-05-05,2025-05-06,4.3845,4.408302252978113,4.4115
2025-05-06,2025-05-07,4.3375,4.381710295568153,4.3845
2025-05-07,2025-05-08,4.4421,4.335420591928593,4.3375
2025-05-08,2025-05-09,4.4417,4.438439804709401,4.4421
2025-05-09,2025-05-12,4.5125,4.438045849784809,4.4417
2025-05-12,2025-05-13,4.5567,4.507775871437595,4.5125
2025-05-13,2025-05-14,4.5917,4.551307890605011,4.5567
2025-05-14,2025-05-15,4.5129,4.585778946506811,4.5917
2025-05-15,2025-05-16,4.4935,4.508169826362186,4.5129
2025-05-16,2025-05-19,4.5236,4.489063012519474,4.4935
2025-05-19,2025-05-20,4.5481,4.518708120595022,4.5236
2025-05-20,2025-05-21,4.6616,4.542837859726283,4.5481
2025-05-21,2025-05-22,4.6196,4.654622569579264,4.6616
2025-05-22,2025-05-23,4.5874,4.613257302497104,4.6196
2025-05-23,2025-05-27,4.5042,4.581543931067447,4.5874
2025-05-27,2025-05-28,4.5436,4.49960130675231,4.5042
2025-05-28,2025-05-29,4.4893,4.538405866824622,4.5436
2025-05-29,2025-05-30,4.4754,4.484926485811258,4.4893
2025-05-30,2025-06-02,4.5258,4.4712365521816855,4.4754
2025-06-02,2025-06-03,4.5281,4.520874872680278,4.5258
2025-06-03,2025-06-04,4.4248,4.523140113496683,4.5281
2025-06-04,2025-06-05,4.4512,4.421401254220798,4.4248
2025-06-05,2025-06-06,4.5679,4.44740227924387,4.4512
2025-06-06,2025-06-09,4.5426,4.5623386284935865,4.5679
2025-06-09,2025-06-10,4.5226,4.537420979513143,4.5426
2025-06-10,2025-06-11,4.4691,4.517723233283542,4.5226
2025-06-11,2025-06-12,4.4036,4.465031762119362,4.4691
2025-06-12,2025-06-13,4.4671,4.400521643217421,4.4036
2025-06-13,2025-06-16,4.5099,4.463061987496402,4.4671
2025-06-16,2025-06-17,4.4342,4.505215164427746,4.5099
2025-06-17,2025-06-18,4.4375,4.430659194948709,4.4342
2025-06-18,2025-06-20,4.4343,4.433909323076594,4.4375
2025-06-20,2025-06-23,4.3931,4.4307576836798575,4.4343
2025-06-23,2025-06-24,4.3518,4.390180326446881,4.3931
2025-06-24,2025-06-25,4.3464,4.349504480482756,4.3518
2025-06-25,2025-06-26,4.318,4.344186089000765,4.3464
2025-06-26,2025-06-27,4.3539,4.316215289354732,4.318
2025-06-27,2025-06-30,4.2905,4.351572743836865,4.3539
2025-06-30,2025-07-01,4.3089,4.289130888289032,4.2905
2025-07-01,2025-07-02,4.3568,4.307252814820265,4.3089
2025-07-02,2025-07-03,4.4041,4.354428917040156,4.3568
2025-07-03,2025-07-07,4.4533,4.401014086873161,4.4041
2025-07-07,2025-07-08,4.4781,4.449470542597977,4.4533
2025-07-08,2025-07-09,4.3982,4.473895747922683,4.4781
2025-07-09,2025-07-10,4.4021,4.395203251735429,4.3982
2025-07-10,2025-07-11,4.4902,4.399044312250201,4.4021
2025-07-11,2025-07-14,4.4899,4.485812884391589,4.4902
2025-07-14,2025-07-15,4.5552,4.485517418198145,4.4899
2025-07-15,2025-07-16,4.5248,4.54983055963779,4.5552
2025-07-16,2025-07-17,4.533,4.519889985368798,4.5248
2025-07-17,2025-07-18,4.4996,4.527966061322934,4.533
2025-07-18,2025-07-21,4.4367,4.495070825119502,4.4996
2025-07-21,2025-07-22,4.4013,4.4331214132274095,4.4367
2025-07-22,2025-07-23,4.4478,4.398256402401017,4.4013
2025-07-23,2025-07-24,4.4693,4.444053662384838,4.4478
2025-07-24,2025-07-25,4.4358,4.465228739581657,4.4693
2025-07-25,2025-07-28,4.4667,4.432235014647078,4.4358
2025-07-28,2025-07-29,4.3724,4.46266803257181,4.4667
2025-07-29,2025-07-30,4.4166,4.3697931590992445,4.3724
2025-07-30,2025-07-31,4.4086,4.413325178266661,4.4166
2025-07-31,2025-08-01,4.2749,4.405446079774821,4.4086
2025-08-01,2025-08-04,4.2559,4.2737666462299435,4.2749
2025-08-04,2025-08-05,4.2575,4.255053787311823,4.2559
2025-08-05,2025-08-06,4.2783,4.256629607010192,4.2575
2025-08-06,2025-08-07,4.2906,4.277115263088976,4.2783
2025-08-07,2025-08-08,4.3306,4.28922937702018,4.2906
2025-08-08,2025-08-11,4.319,4.32862486947938,4.3306
2025-08-11,2025-08-12,4.3439,4.317200176666212,4.319
2025-08-12,2025-08-13,4.2876,4.341723870722064,4.3439
2025-08-13,2025-08-14,4.34,4.2862747150857405,4.2876
2025-08-14,2025-08-15,4.3846,4.337882810207293,4.34
2025-08-15,2025-08-18,4.3947,4.3818087842993005,4.3846
2025-08-18,2025-08-19,4.3589,4.39175614614525,4.3947
2025-08-19,2025-08-20,4.341,4.356497180394265,4.3589
2025-08-20,2025-08-21,4.3831,4.338867697518773,4.341
2025-08-21,2025-08-22,4.3119,4.38033145333208,4.3831
2025-08-22,2025-08-25,4.3333,4.310207476754704,4.3119
2025-08-25,2025-08-26,4.3153,4.331284065220377,4.3333
2025-08-26,2025-08-27,4.3025,4.313556093613736,4.3153
2025-08-27,2025-08-28,4.2713,4.300949536026792,4.3025
2025-08-28,2025-08-29,4.2885,4.270221051908616,4.2713
2025-08-29,2025-09-02,4.3437,4.287161113666072,4.2885
2025-09-02,2025-09-03,4.2768,4.341526893259768,4.3437
2025-09-03,2025-09-04,4.2288,4.2756379321217555,4.2768
2025-09-04,2025-09-05,4.1521,4.2283633411707156,4.2288
2025-09-05,2025-09-08,4.1082,4.152822484380199,4.1521
2025-09-08,2025-09-09,4.1282,4.109585931406226,4.1082
2025-09-09,2025-09-10,4.0947,4.129283677635826,4.1282
2025-09-10,2025-09-11,4.0672,4.0962899527012455,4.0947
2025-09-11,2025-09-12,4.118,4.069205551635545,4.0672
2025-09-12,2025-09-15,4.0982,4.119237827058731,4.118
2025-09-15,2025-09-16,4.09,4.099737058291426,4.0982
2025-09-16,2025-09-17,4.1125,4.09166098233729,4.09
2025-09-17,2025-09-18,4.1657,4.11382094684559,4.1125
2025-09-18,2025-09-19,4.1921,4.166216951816327,4.1657
2025-09-19,2025-09-22,4.2023,4.192217976839399,4.1921
2025-09-22,2025-09-23,4.1709,4.202263827416496,4.2023
2025-09-23,2025-09-24,4.2045,4.171338365836022,4.1709
2025-09-24,2025-09-25,4.2205,4.204430579501752,4.2045
2025-09-25,2025-09-26,4.2439,4.220188776485432,4.2205
2025-09-26,2025-09-29,4.1986,4.243235139574064,4.2439
2025-09-29,2025-09-30,4.2103,4.198619744364019,4.1986
2025-09-30,2025-10-01,4.1764,4.210142925908335,4.2103
2025-10-01,2025-10-02,4.1535,4.176755246049163,4.1764
2025-10-02,2025-10-03,4.1888,4.1542013266162705,4.1535
2025-10-03,2025-10-06,4.2365,4.188967848711514,4.1888
2025-10-06,2025-10-07,4.1957,4.235946973469112,4.2365
2025-10-07,2025-10-08,4.1984,4.195763571160728,4.1957
2025-10-08,2025-10-09,4.2087,4.198422766901723,4.1984
2025-10-09,2025-10-10,4.1148,4.208567106209967,4.2087
2025-10-10,2025-10-14,4.088,4.1160861876619945,4.1148
2025-10-14,2025-10-15,4.1119,4.08969120771433,4.088
2025-10-15,2025-10-16,4.0427,4.113230014458702,4.1119
2025-10-16,2025-10-17,4.0764,4.045075812504285,4.0427
2025-10-17,2025-10-20,4.0576,4.078266514901162,4.0764
2025-10-20,2025-10-21,4.0284,4.059750633445338,4.0576
2025-10-21,2025-10-22,4.0259,4.030991923950122,4.0284
2025-10-22,2025-10-23,4.0687,4.0285297056714215,4.0259
2025-10-23,2025-10-24,4.0755,4.070682882602766,4.0687
2025-10-24,2025-10-27,4.0659,4.07738011632083,4.0755
2025-10-27,2025-10-28,4.0511,4.067925198130622,4.0659
2025-10-28,2025-10-29,4.1285,4.053348865920718,4.0511
2025-10-29,2025-10-30,4.1628,4.12957914382927,4.1285
2025-10-30,2025-10-31,4.1652,4.163360778613034,4.1628
2025-10-31,2025-11-03,4.1787,4.1657245081605865,4.1652
2025-11-03,2025-11-04,4.1545,4.179020486865567,4.1787
2025-11-04,2025-11-05,4.2256,4.155186213927751,4.1545
2025-11-05,2025-11-06,4.1611,4.225211701773979,4.2256
2025-11-06,2025-11-07,4.1625,4.161686470183519,4.1611
2025-11-07,2025-11-10,4.1834,4.16306531241959,4.1625
2025-11-10,2025-11-12,4.1368,4.183649457229523,4.1834
2025-11-12,2025-11-13,4.1757,4.137753708514555,4.1368
2025-11-13,2025-11-14,4.2117,4.176065824931127,4.1757
2025-11-14,2025-11-17,4.1914,4.211521768144408,4.2117
2025-11-17,2025-11-18,4.1874,4.191528555721363,4.1914
2025-11-18,2025-11-19,4.1965,4.187589006475443,4.1874
2025-11-19,2025-11-20,4.1697,4.196551481009911,4.1965
2025-11-20,2025-11-21,4.1336,4.170156501062246,4.1697
2025-11-21,2025-11-24,4.1086,4.134602069117819,4.1336
2025-11-24,2025-11-25,4.0801,4.109979886330819,4.1086
2025-11-25,2025-11-26,4.0689,4.081910597953637,4.0801
2025-11-26,2025-11-28,4.0983,4.070879860065062,4.0689
2025-11-28,2025-12-01,4.1731,4.0998355470225745,4.0983
2025-12-01,2025-12-02,4.1706,4.1735051179212785,4.1731
2025-12-02,2025-12-03,4.1409,4.171042899642579,4.1706
2025-12-03,2025-12-04,4.1906,4.141791746491623,4.1409
2025-12-04,2025-12-05,4.2135,4.190740645872179,4.1906
2025-12-05,2025-12-08,4.2487,4.2132945653050715,4.2135
2025-12-08,2025-12-09,4.2514,4.247962598669168,4.2487
2025-12-09,2025-12-10,4.2337,4.250621794410164,4.2514
2025-12-10,2025-12-11,4.224,4.233189288996967,4.2337
2025-12-11,2025-12-12,4.2831,4.2236358820756115,4.224
2025-12-12,2025-12-15,4.2693,4.28184272218408,4.2831
2025-12-15,2025-12-16,4.2345,4.268251277285656,4.2693
2025-12-16,2025-12-17,4.2436,4.233977198846151,4.2345
2025-12-17,2025-12-18,4.2061,4.2429396733806195,4.2436
2025-12-18,2025-12-19,4.2367,4.2060063992001195,4.2061
2025-12-19,2025-12-22,4.2475,4.236143950931408,4.2367
2025-12-22,2025-12-23,4.241,4.246780733895391,4.2475
2025-12-23,2025-12-24,4.2158,4.240378966370772,4.241
2025-12-24,2025-12-26,4.2193,4.215559806121475,4.2158
2025-12-26,2025-12-29,4.1995,4.219006911711655,4.2193
2025-12-29,2025-12-30,4.2127,4.199506142944351,4.1995
2025-12-30,2025-12-31,4.2568,4.212506655455887,4.2127
